id	address	lat	lon
1000000000	Ул. Примерная, д. 0	52.276912	104.270625
1000000001	Ул. Примерная, д. 1	52.277075	104.272386
1000000002	Ул. Примерная, д. 2	52.277018	104.274333
1000000003	Ул. Примерная, д. 3	52.276779	104.276204
1000000004	Ул. Примерная, д. 4	52.276769	104.277967
1000000005	Ул. Примерная, д. 5	52.276785	104.279595
1000000006	Ул. Примерная, д. 6	52.276962	104.281763
1000000007	Ул. Примерная, д. 7	52.276812	104.283262
1000000008	Ул. Примерная, д. 8	52.277064	104.285424
1000000009	Ул. Примерная, д. 9	52.277039	104.286948
1000000010	Ул. Примерная, д. 10	52.277238	104.288573
1000000011	Ул. Примерная, д. 11	52.277179	104.290495
1000000012	Ул. Примерная, д. 12	52.278622	104.270609
1000000013	Ул. Примерная, д. 13	52.278704	104.272758
1000000014	Ул. Примерная, д. 14	52.278640	104.274441
1000000015	Ул. Примерная, д. 15	52.278869	104.276136
1000000016	Ул. Примерная, д. 16	52.278824	104.277781
1000000017	Ул. Примерная, д. 17	52.278580	104.279653
1000000018	Ул. Примерная, д. 18	52.278890	104.281564
1000000019	Ул. Примерная, д. 19	52.278707	104.283443
1000000020	Ул. Примерная, д. 20	52.278777	104.285100
1000000021	Ул. Примерная, д. 21	52.278947	104.287099
1000000022	Ул. Примерная, д. 22	52.278672	104.288837
1000000023	Ул. Примерная, д. 23	52.278813	104.290788
1000000024	Ул. Примерная, д. 24	52.280715	104.270694
1000000025	Ул. Примерная, д. 25	52.280840	104.272409
1000000026	Ул. Примерная, д. 26	52.280559	104.274529
1000000027	Ул. Примерная, д. 27	52.280426	104.276194
1000000028	Ул. Примерная, д. 28	52.280370	104.278084
1000000029	Ул. Примерная, д. 29	52.280732	104.279837
1000000030	Ул. Примерная, д. 30	52.280788	104.281507
1000000031	Ул. Примерная, д. 31	52.280698	104.283447
1000000032	Ул. Примерная, д. 32	52.280640	104.285178
1000000033	Ул. Примерная, д. 33	52.280770	104.287222
1000000034	Ул. Примерная, д. 34	52.280587	104.288882
1000000035	Ул. Примерная, д. 35	52.280380	104.290701
1000000036	Ул. Примерная, д. 36	52.282474	104.271047
1000000037	Ул. Примерная, д. 37	52.282561	104.272492
1000000038	Ул. Примерная, д. 38	52.282343	104.274484
1000000039	Ул. Примерная, д. 39	52.282161	104.276181
1000000040	Ул. Примерная, д. 40	52.282234	104.277809
1000000041	Ул. Примерная, д. 41	52.282179	104.279934
1000000042	Ул. Примерная, д. 42	52.282215	104.281474
1000000043	Ул. Примерная, д. 43	52.282345	104.283586
1000000044	Ул. Примерная, д. 44	52.282190	104.285175
1000000045	Ул. Примерная, д. 45	52.282425	104.287192
1000000046	Ул. Примерная, д. 46	52.282560	104.288982
1000000047	Ул. Примерная, д. 47	52.282289	104.290558
1000000048	Ул. Примерная, д. 48	52.284129	104.270992
1000000049	Ул. Примерная, д. 49	52.284429	104.272425
1000000050	Ул. Примерная, д. 50	52.284038	104.274266
1000000051	Ул. Примерная, д. 51	52.284067	104.276192
1000000052	Ул. Примерная, д. 52	52.284245	104.277881
1000000053	Ул. Примерная, д. 53	52.283952	104.279759
1000000054	Ул. Примерная, д. 54	52.284135	104.285233
1000000055	Ул. Примерная, д. 55	52.284427	104.287095
1000000056	Ул. Примерная, д. 56	52.284208	104.288859
1000000057	Ул. Примерная, д. 57	52.284288	104.290377
1000000058	Ул. Примерная, д. 58	52.286200	104.270940
1000000059	Ул. Примерная, д. 59	52.286187	104.272749
1000000060	Ул. Примерная, д. 60	52.285946	104.274349
1000000061	Ул. Примерная, д. 61	52.285802	104.276267
1000000062	Ул. Примерная, д. 62	52.285781	104.277784
1000000063	Ул. Примерная, д. 63	52.285854	104.279631
1000000064	Ул. Примерная, д. 64	52.285920	104.284976
1000000065	Ул. Примерная, д. 65	52.285750	104.286826
1000000066	Ул. Примерная, д. 66	52.285801	104.288732
1000000067	Ул. Примерная, д. 67	52.285763	104.290787
1000000068	Ул. Примерная, д. 68	52.287857	104.270624
1000000069	Ул. Примерная, д. 69	52.287676	104.272524
1000000070	Ул. Примерная, д. 70	52.287732	104.274211
1000000071	Ул. Примерная, д. 71	52.287974	104.276447
1000000072	Ул. Примерная, д. 72	52.287783	104.277992
1000000073	Ул. Примерная, д. 73	52.287593	104.279601
1000000074	Ул. Примерная, д. 74	52.287721	104.281482
1000000075	Ул. Примерная, д. 75	52.287964	104.283231
1000000076	Ул. Примерная, д. 76	52.287562	104.285425
1000000077	Ул. Примерная, д. 77	52.287814	104.286823
1000000078	Ул. Примерная, д. 78	52.287822	104.288564
1000000079	Ул. Примерная, д. 79	52.287814	104.290839
1000000080	Ул. Примерная, д. 80	52.289782	104.270898
1000000081	Ул. Примерная, д. 81	52.289481	104.272533
1000000082	Ул. Примерная, д. 82	52.289434	104.274536
1000000083	Ул. Примерная, д. 83	52.289616	104.276340
1000000084	Ул. Примерная, д. 84	52.289515	104.277862
1000000085	Ул. Примерная, д. 85	52.289756	104.280042
1000000086	Ул. Примерная, д. 86	52.289776	104.281753
1000000087	Ул. Примерная, д. 87	52.289759	104.283520
1000000088	Ул. Примерная, д. 88	52.289463	104.285209
1000000089	Ул. Примерная, д. 89	52.289528	104.286764
1000000090	Ул. Примерная, д. 90	52.289364	104.288690
1000000091	Ул. Примерная, д. 91	52.289480	104.290696
1000000092	Ул. Примерная, д. 92	52.291628	104.270774
1000000093	Ул. Примерная, д. 93	52.291619	104.272844
1000000094	Ул. Примерная, д. 94	52.291628	104.274332
1000000095	Ул. Примерная, д. 95	52.291260	104.276063
1000000096	Ул. Примерная, д. 96	52.291248	104.277852
1000000097	Ул. Примерная, д. 97	52.291462	104.280000
1000000098	Ул. Примерная, д. 98	52.291570	104.281590
1000000099	Ул. Примерная, д. 99	52.291476	104.283550
1000000100	Ул. Примерная, д. 100	52.291192	104.285280
1000000101	Ул. Примерная, д. 101	52.291605	104.287141
1000000102	Ул. Примерная, д. 102	52.291525	104.288789
1000000103	Ул. Примерная, д. 103	52.291239	104.290745
1000000104	Ул. Примерная, д. 104	52.293116	104.270950
1000000105	Ул. Примерная, д. 105	52.293436	104.272548
1000000106	Ул. Примерная, д. 106	52.293151	104.274623
1000000107	Ул. Примерная, д. 107	52.293312	104.276035
1000000108	Ул. Примерная, д. 108	52.293014	104.277826
1000000109	Ул. Примерная, д. 109	52.293402	104.279953
1000000110	Ул. Примерная, д. 110	52.293023	104.281763
1000000111	Ул. Примерная, д. 111	52.293440	104.283479
1000000112	Ул. Примерная, д. 112	52.293125	104.285224
1000000113	Ул. Примерная, д. 113	52.293015	104.286757
1000000114	Ул. Примерная, д. 114	52.293435	104.288875
1000000115	Ул. Примерная, д. 115	52.293213	104.290817
1000000116	Ул. Примерная, д. 116	52.294967	104.270986
1000000117	Ул. Примерная, д. 117	52.295163	104.272456
1000000118	Ул. Примерная, д. 118	52.294876	104.274296
1000000119	Ул. Примерная, д. 119	52.294870	104.276243
1000000120	Ул. Примерная, д. 120	52.294880	104.277960
1000000121	Ул. Примерная, д. 121	52.294816	104.280005
1000000122	Ул. Примерная, д. 122	52.294927	104.281579
1000000123	Ул. Примерная, д. 123	52.295042	104.283602
1000000124	Ул. Примерная, д. 124	52.294960	104.285409
1000000125	Ул. Примерная, д. 125	52.295001	104.287016
1000000126	Ул. Примерная, д. 126	52.295012	104.288559
1000000127	Ул. Примерная, д. 127	52.294970	104.290442
1000000128	Ул. Примерная, д. 128	52.296552	104.270950
1000000129	Ул. Примерная, д. 129	52.296636	104.272587
1000000130	Ул. Примерная, д. 130	52.296913	104.274428
1000000131	Ул. Примерная, д. 131	52.296713	104.276209
1000000132	Ул. Примерная, д. 132	52.296828	104.278142
1000000133	Ул. Примерная, д. 133	52.296603	104.279830
1000000134	Ул. Примерная, д. 134	52.296674	104.281488
1000000135	Ул. Примерная, д. 135	52.296936	104.283404
1000000136	Ул. Примерная, д. 136	52.296831	104.285330
1000000137	Ул. Примерная, д. 137	52.297006	104.286972
1000000138	Ул. Примерная, д. 138	52.296856	104.288803
1000000139	Ул. Примерная, д. 139	52.296806	104.290696
1000002000	Ул. Примерная, д. 140	52.286933	104.291487
1000002001	Ул. Примерная, д. 141	52.290403	104.293408
1000002002	Ул. Примерная, д. 142	52.293044	104.291818
1000002003	Ул. Примерная, д. 143	52.296272	104.289369
1000002004	Ул. Примерная, д. 144	52.295058	104.285016
1000002005	Ул. Примерная, д. 145	52.296096	104.283448
1000002006	Ул. Примерная, д. 146	52.299433	104.280354
1000002007	Ул. Примерная, д. 147	52.298520	104.277272
1000002008	Ул. Примерная, д. 148	52.298220	104.274154
1000002009	Ул. Примерная, д. 149	52.295856	104.271629
1000002010	Ул. Примерная, д. 150	52.293712	104.269138
1000002011	Ул. Примерная, д. 151	52.289692	104.270179
1000002012	Ул. Примерная, д. 152	52.286719	104.271139
1000002013	Ул. Примерная, д. 153	52.284605	104.271872
1000002014	Ул. Примерная, д. 154	52.282195	104.272967
1000002015	Ул. Примерная, д. 155	52.278651	104.273372
1000002016	Ул. Примерная, д. 156	52.276846	104.274228
1000002017	Ул. Примерная, д. 157	52.276720	104.278375
1000002018	Ул. Примерная, д. 158	52.276448	104.280622
1000002019	Ул. Примерная, д. 159	52.275004	104.283732
1000002020	Ул. Примерная, д. 160	52.279008	104.285569
1000002021	Ул. Примерная, д. 161	52.278144	104.288603
1000002022	Ул. Примерная, д. 162	52.280949	104.290451
1000002023	Ул. Примерная, д. 163	52.283734	104.293320
1000003000	Ул. Примерная, д. 164	52.287256	104.299602
1000003001	Ул. Примерная, д. 165	52.291234	104.302559
1000003002	Ул. Примерная, д. 166	52.295444	104.300065
1000003003	Ул. Примерная, д. 167	52.297770	104.296666
1000003004	Ул. Примерная, д. 168	52.300306	104.293995
1000003005	Ул. Примерная, д. 169	52.303181	104.291509
1000003006	Ул. Примерная, д. 170	52.307050	104.289134
1000003007	Ул. Примерная, д. 171	52.306080	104.284064
1000003008	Ул. Примерная, д. 172	52.306417	104.280933
1000003009	Ул. Примерная, д. 173	52.307386	104.276538
1000003010	Ул. Примерная, д. 174	52.307514	104.272317
1000003011	Ул. Примерная, д. 175	52.304130	104.269518
1000003012	Ул. Примерная, д. 176	52.301454	104.266341
1000003013	Ул. Примерная, д. 177	52.299482	104.261967
1000003014	Ул. Примерная, д. 178	52.295389	104.260439
1000003015	Ул. Примерная, д. 179	52.290432	104.260331
1000003016	Ул. Примерная, д. 180	52.287141	104.261173
1000003017	Ул. Примерная, д. 181	52.282650	104.261766
1000003018	Ул. Примерная, д. 182	52.278467	104.259711
1000003019	Ул. Примерная, д. 183	52.275599	104.264056
1000003020	Ул. Примерная, д. 184	52.272965	104.266583
1000003021	Ул. Примерная, д. 185	52.268376	104.268054
1000003022	Ул. Примерная, д. 186	52.268909	104.272864
1000003023	Ул. Примерная, д. 187	52.266367	104.276597
1000003024	Ул. Примерная, д. 188	52.266004	104.280401
1000003025	Ул. Примерная, д. 189	52.265790	104.284565
1000003026	Ул. Примерная, д. 190	52.268914	104.287650
1000003027	Ул. Примерная, д. 191	52.270832	104.291039
1000003028	Ул. Примерная, д. 192	52.271838	104.296042
1000003029	Ул. Примерная, д. 193	52.275099	104.299064
1000003030	Ул. Примерная, д. 194	52.278859	104.300178
1000003031	Ул. Примерная, д. 195	52.283301	104.300065
1000004000	Ул. Примерная, д. 196	52.287235	104.311267
1000004001	Ул. Примерная, д. 197	52.292219	104.313121
1000004002	Ул. Примерная, д. 198	52.296366	104.309766
1000004003	Ул. Примерная, д. 199	52.302341	104.310732
1000004004	Ул. Примерная, д. 200	52.306300	104.307043
1000004005	Ул. Примерная, д. 201	52.309804	104.303405
1000004006	Ул. Примерная, д. 202	52.311462	104.298251
1000004007	Ул. Примерная, д. 203	52.316668	104.295965
1000004008	Ул. Примерная, д. 204	52.317995	104.290734
1000004009	Ул. Примерная, д. 205	52.316841	104.285643
1000004010	Ул. Примерная, д. 206	52.318947	104.280859
1000004011	Ул. Примерная, д. 207	52.317028	104.275718
1000004012	Ул. Примерная, д. 208	52.315480	104.271567
1000004013	Ул. Примерная, д. 209	52.314601	104.267183
1000004014	Ул. Примерная, д. 210	52.312652	104.261884
1000004015	Ул. Примерная, д. 211	52.310314	104.257670
1000004016	Ул. Примерная, д. 212	52.305622	104.253997
1000004017	Ул. Примерная, д. 213	52.301224	104.252869
1000004018	Ул. Примерная, д. 214	52.296385	104.249569
1000004019	Ул. Примерная, д. 215	52.291933	104.250200
1000004020	Ул. Примерная, д. 216	52.286691	104.248014
1000004021	Ул. Примерная, д. 217	52.281883	104.248852
1000004022	Ул. Примерная, д. 218	52.276224	104.249247
1000004023	Ул. Примерная, д. 219	52.271098	104.250592
1000004024	Ул. Примерная, д. 220	52.267807	104.253726
1000004025	Ул. Примерная, д. 221	52.264637	104.259173
1000004026	Ул. Примерная, д. 222	52.262029	104.262213
1000004027	Ул. Примерная, д. 223	52.258755	104.265761
1000004028	Ул. Примерная, д. 224	52.255257	104.270803
1000004029	Ул. Примерная, д. 225	52.254222	104.275965
1000004030	Ул. Примерная, д. 226	52.254480	104.280204
1000004031	Ул. Примерная, д. 227	52.255278	104.285503
1000004032	Ул. Примерная, д. 228	52.257677	104.289961
1000004033	Ул. Примерная, д. 229	52.256677	104.296096
1000004034	Ул. Примерная, д. 230	52.259534	104.300733
1000004035	Ул. Примерная, д. 231	52.264072	104.303720
1000004036	Ул. Примерная, д. 232	52.268284	104.306674
1000004037	Ул. Примерная, д. 233	52.272071	104.309458
1000004038	Ул. Примерная, д. 234	52.276838	104.309880
1000004039	Ул. Примерная, д. 235	52.281470	104.314064
